week,mortgage30us,obmmic30yf_weekmean,diff_pp
2017-01-12,4.12,4.356,-0.236
2017-01-19,4.09,4.391,-0.301
2017-01-26,4.19,4.436,-0.246
2017-02-02,4.19,4.433,-0.243
2017-02-09,4.17,4.378,-0.208
2017-02-16,4.15,4.407,-0.257
2017-02-23,4.16,4.396,-0.236
2017-03-02,4.1,4.383,-0.283
2017-03-09,4.21,4.476,-0.266
2017-03-16,4.3,4.536,-0.236
2017-03-23,4.23,4.436,-0.206
2017-03-30,4.14,4.404,-0.264
2017-04-06,4.1,4.37,-0.27
2017-04-13,4.08,4.324,-0.244
2017-04-20,3.97,4.263,-0.293
2017-04-27,4.03,4.301,-0.271
2017-05-04,4.02,4.303,-0.283
2017-05-11,4.05,4.339,-0.289
2017-05-18,4.02,4.271,-0.251
2017-05-25,3.95,4.243,-0.293
2017-06-01,3.94,4.224,-0.284
2017-06-08,3.89,4.192,-0.302
2017-06-15,3.91,4.207,-0.297
2017-06-22,3.9,4.204,-0.304
2017-06-29,3.88,4.217,-0.337
2017-07-06,3.96,4.297,-0.337
2017-07-13,4.03,4.308,-0.278
2017-07-20,3.96,4.255,-0.295
2017-07-27,3.92,4.243,-0.323
2017-08-03,3.93,4.231,-0.301
2017-08-10,3.9,4.206,-0.306
2017-08-17,3.89,4.195,-0.305
2017-08-24,3.86,4.168,-0.308
2017-08-31,3.82,4.139,-0.319
2017-09-07,3.78,4.11,-0.33
2017-09-14,3.78,4.12,-0.34
2017-09-21,3.83,4.162,-0.332
2017-09-28,3.83,4.166,-0.336
2017-10-05,3.85,4.191,-0.341
2017-10-12,3.91,4.217,-0.307
2017-10-19,3.88,4.184,-0.304
2017-10-26,3.94,4.251,-0.311
2017-11-02,3.94,4.235,-0.295
2017-11-09,3.9,4.197,-0.297
2017-11-16,3.95,4.228,-0.278
2017-11-22,3.92,4.225,-0.305
2017-11-30,3.9,4.193,-0.293
2017-12-07,3.94,4.233,-0.293
2017-12-14,3.93,4.233,-0.303
2017-12-21,3.94,4.269,-0.329
2017-12-28,3.99,4.287,-0.296
2018-01-04,3.95,4.262,-0.312
2018-01-11,3.99,4.311,-0.321
2018-01-18,4.04,4.354,-0.314
2018-01-25,4.15,4.422,-0.272
2018-02-01,4.22,4.49,-0.27
2018-02-08,4.32,4.599,-0.279
2018-02-15,4.38,4.672,-0.292
2018-02-22,4.4,4.707,-0.307
2018-03-01,4.43,4.699,-0.269
2018-03-08,4.46,4.736,-0.276
2018-03-15,4.44,4.709,-0.269
2018-03-22,4.45,4.736,-0.286
2018-03-29,4.44,4.719,-0.279
2018-04-05,4.4,4.704,-0.304
2018-04-12,4.42,4.702,-0.282
2018-04-19,4.47,4.742,-0.272
2018-04-26,4.58,4.847,-0.267
2018-05-03,4.55,4.843,-0.293
2018-05-10,4.55,4.85,-0.3
2018-05-17,4.61,4.908,-0.298
2018-05-24,4.66,4.925,-0.265
2018-05-31,4.56,4.796,-0.236
2018-06-07,4.54,4.855,-0.315
2018-06-14,4.62,4.886,-0.266
2018-06-21,4.57,4.861,-0.291
2018-06-28,4.55,4.854,-0.304
2018-07-05,4.52,4.845,-0.325
2018-07-12,4.53,4.845,-0.315
2018-07-19,4.52,4.832,-0.312
2018-07-26,4.54,4.871,-0.331
2018-08-02,4.6,4.902,-0.302
2018-08-09,4.59,4.892,-0.302
2018-08-16,4.53,4.86,-0.33
2018-08-23,4.51,4.838,-0.328
2018-08-30,4.52,4.847,-0.327
2018-09-06,4.54,4.865,-0.325
2018-09-13,4.6,4.91,-0.31
2018-09-20,4.65,4.975,-0.325
2018-09-27,4.72,5.016,-0.296
2018-10-04,4.71,5.023,-0.313
2018-10-11,4.9,5.156,-0.256
2018-10-18,4.85,5.127,-0.277
2018-10-25,4.86,5.153,-0.293
2018-11-01,4.83,5.135,-0.305
2018-11-08,4.94,5.212,-0.272
2018-11-15,4.94,5.194,-0.254
2018-11-21,4.81,5.138,-0.328
2018-11-29,4.81,5.113,-0.303
2018-12-06,4.75,5.052,-0.302
2018-12-13,4.63,4.985,-0.355
2018-12-20,4.62,4.929,-0.309
2018-12-27,4.55,4.885,-0.335
2019-01-03,4.51,4.82,-0.31
2019-01-10,4.45,4.77,-0.32
2019-01-17,4.45,4.774,-0.324
2019-01-24,4.45,4.784,-0.334
2019-01-31,4.46,4.756,-0.296
2019-02-07,4.41,4.725,-0.315
2019-02-14,4.37,4.703,-0.333
2019-02-21,4.35,4.678,-0.328
2019-02-28,4.35,4.666,-0.316
2019-03-07,4.41,4.706,-0.296
2019-03-14,4.31,4.616,-0.306
2019-03-21,4.28,4.551,-0.271
2019-03-28,4.06,4.359,-0.299
2019-04-04,4.08,4.415,-0.335
2019-04-11,4.12,4.412,-0.292
2019-04-18,4.17,4.47,-0.3
2019-04-25,4.2,4.476,-0.276
2019-05-02,4.14,4.442,-0.302
2019-05-09,4.1,4.415,-0.315
2019-05-16,4.07,4.374,-0.304
2019-05-23,4.06,4.371,-0.311
2019-05-30,3.99,4.272,-0.282
2019-06-06,3.82,4.142,-0.322
2019-06-13,3.82,4.128,-0.308
2019-06-20,3.84,4.093,-0.253
2019-06-27,3.73,4.029,-0.299
2019-07-03,3.75,4.035,-0.285
2019-07-11,3.75,4.06,-0.31
2019-07-18,3.81,4.105,-0.295
2019-07-25,3.75,4.054,-0.304
2019-08-01,3.75,4.04,-0.29
2019-08-08,3.6,3.876,-0.276
2019-08-15,3.6,3.84,-0.24
2019-08-22,3.55,3.837,-0.287
2019-08-29,3.58,3.807,-0.227
2019-09-05,3.49,3.742,-0.252
2019-09-12,3.56,3.832,-0.272
2019-09-19,3.73,3.991,-0.261
2019-09-26,3.64,3.933,-0.293
2019-10-03,3.65,3.89,-0.24
2019-10-10,3.57,3.842,-0.272
2019-10-17,3.69,3.983,-0.293
2019-10-24,3.75,3.999,-0.249
2019-10-31,3.78,4.001,-0.221
2019-11-07,3.69,3.965,-0.275
2019-11-14,3.75,4.005,-0.255
2019-11-21,3.66,3.945,-0.285
2019-11-27,3.68,3.935,-0.255
2019-12-05,3.68,3.936,-0.256
2019-12-12,3.73,3.976,-0.246
2019-12-19,3.73,3.972,-0.242
2019-12-26,3.74,3.969,-0.229
2020-01-02,3.72,3.931,-0.211
2020-01-09,3.64,3.889,-0.249
2020-01-16,3.65,3.866,-0.216
2020-01-23,3.6,3.842,-0.242
2020-01-30,3.51,3.716,-0.206
2020-02-06,3.45,3.68,-0.23
2020-02-13,3.47,3.673,-0.203
2020-02-20,3.49,3.681,-0.191
2020-02-27,3.45,3.552,-0.102
2020-03-05,3.29,3.34,-0.05
2020-03-12,3.36,3.408,-0.048
2020-03-19,3.65,3.639,0.011
2020-03-26,3.5,3.515,-0.015
2020-04-02,3.33,3.464,-0.134
2020-04-09,3.33,3.424,-0.094
2020-04-16,3.31,3.389,-0.079
2020-04-23,3.33,3.399,-0.069
2020-04-30,3.23,3.335,-0.105
2020-05-07,3.26,3.343,-0.083
2020-05-14,3.28,3.299,-0.019
2020-05-21,3.24,3.255,-0.015
2020-05-28,3.15,3.264,-0.114
2020-06-04,3.18,3.252,-0.072
2020-06-11,3.21,3.22,-0.01
2020-06-18,3.13,3.172,-0.042
2020-06-25,3.13,3.171,-0.041
2020-07-02,3.07,3.118,-0.048
2020-07-09,3.03,3.064,-0.034
2020-07-16,2.98,3.015,-0.035
2020-07-23,3.01,2.983,0.027
2020-07-30,2.99,2.953,0.037
2020-08-06,2.88,2.86,0.02
2020-08-13,2.96,2.877,0.083
2020-08-20,2.99,2.918,0.072
2020-08-27,2.91,2.917,-0.007
2020-09-03,2.93,2.911,0.019
2020-09-10,2.86,2.922,-0.062
2020-09-17,2.87,2.928,-0.058
2020-09-24,2.9,2.937,-0.037
2020-10-01,2.88,2.905,-0.025
2020-10-08,2.87,2.9,-0.03
2020-10-15,2.81,2.891,-0.081
2020-10-22,2.8,2.884,-0.084
2020-10-29,2.81,2.881,-0.071
2020-11-05,2.78,2.866,-0.086
2020-11-12,2.84,2.872,-0.032
2020-11-19,2.72,2.828,-0.108
2020-11-25,2.72,2.802,-0.082
2020-12-03,2.71,2.798,-0.088
2020-12-10,2.71,2.809,-0.099
2020-12-17,2.67,2.789,-0.119
2020-12-24,2.66,2.782,-0.122
2020-12-31,2.67,2.78,-0.111
2021-01-07,2.65,2.793,-0.143
2021-01-14,2.79,2.867,-0.077
2021-01-21,2.77,2.854,-0.084
2021-01-28,2.73,2.816,-0.086
2021-02-04,2.73,2.842,-0.112
2021-02-11,2.73,2.844,-0.114
2021-02-18,2.81,2.941,-0.131
2021-02-25,2.97,3.1,-0.13
2021-03-04,3.02,3.167,-0.147
2021-03-11,3.05,3.205,-0.155
2021-03-18,3.09,3.288,-0.198
2021-03-25,3.17,3.313,-0.143
2021-04-01,3.18,3.321,-0.141
2021-04-08,3.13,3.299,-0.169
2021-04-15,3.04,3.224,-0.184
2021-04-22,2.97,3.167,-0.197
2021-04-29,2.98,3.166,-0.186
2021-05-06,2.96,3.145,-0.185
2021-05-13,2.94,3.145,-0.205
2021-05-20,3.0,3.175,-0.175
2021-05-27,2.95,3.144,-0.194
2021-06-03,2.99,3.164,-0.174
2021-06-10,2.96,3.15,-0.19
2021-06-17,2.93,3.174,-0.244
2021-06-24,3.02,3.215,-0.195
2021-07-01,2.98,3.184,-0.204
2021-07-08,2.9,3.116,-0.216
2021-07-15,2.88,3.106,-0.226
2021-07-22,2.78,3.026,-0.246
2021-07-29,2.8,3.022,-0.222
2021-08-05,2.77,2.977,-0.207
2021-08-12,2.87,3.077,-0.207
2021-08-19,2.86,3.058,-0.198
2021-08-26,2.87,3.068,-0.198
2021-09-02,2.87,3.055,-0.185
2021-09-09,2.88,3.071,-0.191
2021-09-16,2.86,3.052,-0.192
2021-09-23,2.88,3.089,-0.209
2021-09-30,3.01,3.198,-0.188
2021-10-07,2.99,3.187,-0.197
2021-10-14,3.05,3.236,-0.186
2021-10-21,3.09,3.28,-0.19
2021-10-28,3.14,3.296,-0.156
2021-11-04,3.09,3.251,-0.161
2021-11-10,2.98,3.188,-0.208
2021-11-18,3.1,3.288,-0.188
2021-11-24,3.1,3.314,-0.214
2021-12-02,3.11,3.292,-0.182
2021-12-09,3.1,3.328,-0.228
2021-12-16,3.12,3.316,-0.196
2021-12-23,3.05,3.317,-0.267
2021-12-30,3.11,3.347,-0.237
2022-01-06,3.22,3.46,-0.24
2022-01-13,3.45,3.614,-0.164
2022-01-20,3.56,3.74,-0.18
2022-01-27,3.55,3.755,-0.205
2022-02-03,3.55,3.792,-0.242
2022-02-10,3.69,3.955,-0.265
2022-02-17,3.92,4.138,-0.218
2022-02-24,3.89,4.163,-0.273
2022-03-03,3.76,4.094,-0.334
2022-03-10,3.85,4.162,-0.312
2022-03-17,4.16,4.439,-0.279
2022-03-24,4.42,4.639,-0.219
2022-03-31,4.67,4.854,-0.184
2022-04-07,4.72,4.967,-0.247
2022-04-14,5.0,5.165,-0.165
2022-04-21,5.11,5.315,-0.205
2022-04-28,5.1,5.344,-0.244
2022-05-05,5.27,5.498,-0.228
2022-05-12,5.3,5.524,-0.224
2022-05-19,5.25,5.462,-0.212
2022-05-26,5.1,5.354,-0.254
2022-06-02,5.09,5.359,-0.269
2022-06-09,5.23,5.49,-0.26
2022-06-16,5.78,5.937,-0.157
2022-06-23,5.81,5.921,-0.111
2022-06-30,5.7,5.872,-0.172
2022-07-07,5.3,5.684,-0.384
2022-07-14,5.51,5.806,-0.296
2022-07-21,5.54,5.773,-0.233
2022-07-28,5.3,5.57,-0.27
2022-08-04,4.99,5.332,-0.342
2022-08-11,5.22,5.418,-0.198
2022-08-18,5.13,5.434,-0.304
2022-08-25,5.55,5.685,-0.135
2022-09-01,5.66,5.804,-0.144
2022-09-08,5.89,5.934,-0.044
2022-09-15,6.02,6.061,-0.041
2022-09-22,6.29,6.292,-0.002
2022-09-29,6.7,6.668,0.032
2022-10-06,6.66,6.668,-0.008
2022-10-13,6.92,6.903,0.017
2022-10-20,6.94,7.013,-0.073
2022-10-27,7.08,7.062,0.018
2022-11-03,6.95,7.052,-0.102
2022-11-10,7.08,7.048,0.032
2022-11-17,6.61,6.627,-0.017
2022-11-23,6.58,6.591,-0.011
2022-12-01,6.49,6.51,-0.02
2022-12-08,6.33,6.37,-0.04
2022-12-15,6.31,6.341,-0.031
2022-12-22,6.27,6.354,-0.084
2022-12-29,6.42,6.482,-0.062
2023-01-05,6.48,6.497,-0.016
2023-01-12,6.33,6.264,0.066
2023-01-19,6.15,6.145,0.005
2023-01-26,6.13,6.166,-0.036
2023-02-02,6.09,6.103,-0.013
2023-02-09,6.12,6.223,-0.103
2023-02-16,6.32,6.434,-0.114
2023-02-23,6.5,6.605,-0.105
2023-03-02,6.65,6.714,-0.064
2023-03-09,6.73,6.785,-0.055
2023-03-16,6.6,6.566,0.034
2023-03-23,6.42,6.447,-0.027
2023-03-30,6.32,6.398,-0.078
2023-04-06,6.28,6.288,-0.008
2023-04-13,6.27,6.334,-0.064
2023-04-20,6.39,6.477,-0.087
2023-04-27,6.43,6.44,-0.01
2023-05-04,6.39,6.416,-0.026
2023-05-11,6.35,6.401,-0.051
2023-05-18,6.39,6.501,-0.111
2023-05-25,6.57,6.706,-0.136
2023-06-01,6.79,6.755,0.035
2023-06-08,6.71,6.729,-0.019
2023-06-15,6.69,6.692,-0.002
2023-06-22,6.67,6.681,-0.011
2023-06-29,6.71,6.707,0.003
2023-07-06,6.81,6.872,-0.062
2023-07-13,6.96,6.918,0.042
2023-07-20,6.78,6.768,0.012
2023-07-27,6.81,6.847,-0.037
2023-08-03,6.9,6.937,-0.037
2023-08-10,6.96,6.98,-0.02
2023-08-17,7.09,7.146,-0.056
2023-08-24,7.23,7.254,-0.024
2023-08-31,7.18,7.142,0.038
2023-09-07,7.12,7.162,-0.042
2023-09-14,7.18,7.165,0.015
2023-09-21,7.19,7.221,-0.031
2023-09-28,7.31,7.378,-0.068
2023-10-05,7.49,7.526,-0.036
2023-10-12,7.57,7.572,-0.002
2023-10-19,7.63,7.688,-0.058
2023-10-26,7.79,7.797,-0.007
2023-11-02,7.76,7.721,0.039
2023-11-09,7.5,7.462,0.038
2023-11-16,7.44,7.401,0.039
2023-11-22,7.29,7.284,0.006
2023-11-30,7.22,7.17,0.05
2023-12-07,7.03,7.009,0.021
2023-12-14,6.95,6.911,0.039
2023-12-21,6.67,6.672,-0.002
2023-12-28,6.61,6.588,0.022
2024-01-04,6.62,6.647,-0.027
2024-01-11,6.66,6.674,-0.014
2024-01-18,6.6,6.644,-0.044
2024-01-25,6.69,6.694,-0.004
2024-02-01,6.63,6.591,0.039
2024-02-08,6.64,6.676,-0.036
2024-02-15,6.77,6.787,-0.017
2024-02-22,6.9,6.907,-0.007
2024-02-29,6.94,6.912,0.028
2024-03-07,6.88,6.821,0.059
2024-03-14,6.74,6.752,-0.012
2024-03-21,6.87,6.861,0.009
2024-03-28,6.79,6.757,0.033
2024-04-04,6.82,6.835,-0.015
2024-04-11,6.88,6.949,-0.069
2024-04-18,7.1,7.142,-0.042
2024-04-25,7.17,7.199,-0.029
2024-05-02,7.22,7.216,0.004
2024-05-09,7.09,7.057,0.033
2024-05-16,7.02,6.971,0.049
2024-05-23,6.94,6.946,-0.006
2024-05-30,7.03,7.03,0.0
2024-06-06,6.99,6.938,0.052
2024-06-13,6.95,6.917,0.033
2024-06-20,6.87,6.857,0.013
2024-06-27,6.86,6.864,-0.004
2024-07-03,6.95,6.954,-0.004
2024-07-11,6.89,6.857,0.033
2024-07-18,6.77,6.753,0.017
2024-07-25,6.78,6.777,0.003
2024-08-01,6.73,6.684,0.046
2024-08-08,6.47,6.467,0.003
2024-08-15,6.49,6.483,0.007
2024-08-22,6.46,6.435,0.025
2024-08-29,6.35,6.348,0.002
2024-09-05,6.35,6.315,0.035
2024-09-12,6.2,6.161,0.039
2024-09-19,6.09,6.067,0.023
2024-09-26,6.08,6.097,-0.017
2024-10-03,6.12,6.119,0.001
2024-10-10,6.32,6.36,-0.04
2024-10-17,6.44,6.432,0.008
2024-10-24,6.54,6.582,-0.042
2024-10-31,6.72,6.755,-0.035
2024-11-07,6.79,6.785,0.005
2024-11-14,6.78,6.773,0.007
2024-11-21,6.84,6.823,0.017
2024-11-27,6.81,6.755,0.055
2024-12-05,6.69,6.678,0.012
2024-12-12,6.6,6.6,0.0
2024-12-19,6.72,6.76,-0.04
2024-12-26,6.85,6.86,-0.01
2025-01-02,6.91,6.868,0.042
2025-01-09,6.93,6.924,0.006
2025-01-16,7.04,6.997,0.043
2025-01-23,6.96,6.912,0.048
2025-01-30,6.95,6.886,0.064
2025-02-06,6.89,6.831,0.059
2025-02-13,6.87,6.841,0.029
2025-02-20,6.85,6.812,0.038
2025-02-27,6.76,6.689,0.071
2025-03-06,6.63,6.596,0.034
2025-03-13,6.65,6.621,0.029
2025-03-20,6.67,6.625,0.045
2025-03-27,6.65,6.634,0.016
2025-04-03,6.64,6.577,0.063
2025-04-10,6.62,6.684,-0.064
2025-04-17,6.83,6.806,0.024
2025-04-24,6.81,6.805,0.005
2025-05-01,6.76,6.719,0.041
2025-05-08,6.76,6.776,-0.016
2025-05-15,6.81,6.831,-0.021
2025-05-22,6.86,6.883,-0.023
2025-05-29,6.89,6.887,0.003
2025-06-05,6.85,6.835,0.015
2025-06-12,6.84,6.844,-0.004
2025-06-18,6.81,6.807,0.003
2025-06-26,6.77,6.743,0.027
2025-07-03,6.67,6.671,-0.001
2025-07-10,6.72,6.719,0.001
2025-07-17,6.75,6.76,-0.01
2025-07-24,6.74,6.733,0.007
2025-07-31,6.72,6.741,-0.021
2025-08-07,6.63,6.617,0.013
2025-08-14,6.58,6.59,-0.01
2025-08-21,6.58,6.604,-0.024
2025-08-28,6.56,6.541,0.019
2025-09-04,6.5,6.49,0.01
2025-09-11,6.35,6.286,0.064
2025-09-18,6.26,6.218,0.042
2025-09-25,6.3,6.296,0.004
2025-10-02,6.34,6.293,0.047
2025-10-09,6.3,6.281,0.019
2025-10-16,6.27,6.223,0.047
2025-10-23,6.19,6.158,0.032
2025-10-30,6.17,6.155,0.015
2025-11-06,6.22,6.206,0.014
2025-11-13,6.24,6.202,0.038
2025-11-20,6.26,6.238,0.022
2025-11-26,6.23,6.192,0.038
2025-12-04,6.19,6.189,0.001
2025-12-11,6.22,6.228,-0.008
2025-12-18,6.21,6.207,0.003
2025-12-24,6.18,6.167,0.013
2025-12-31,6.15,6.145,0.005
2026-01-08,6.16,6.144,0.016
2026-01-15,6.06,6.019,0.041
2026-01-22,6.09,6.085,0.005
2026-01-29,6.1,6.068,0.032
2026-02-05,6.11,6.093,0.017
2026-02-12,6.09,6.059,0.031
2026-02-19,6.01,5.988,0.022
2026-02-26,5.98,5.953,0.027
2026-03-05,6.0,5.987,0.013
2026-03-12,6.11,6.103,0.007
2026-03-19,6.22,6.2,0.02
2026-03-26,6.38,6.376,0.004
2026-04-02,6.46,6.387,0.073
2026-04-09,6.37,6.327,0.043
2026-04-16,6.3,6.256,0.044
2026-04-23,6.23,6.23,0.0
2026-04-30,6.3,6.293,0.007
2026-05-07,6.37,6.348,0.022
2026-05-14,6.36,6.374,-0.014
2026-05-21,6.51,6.563,-0.053
2026-05-28,6.53,6.478,0.052
2026-06-04,6.48,6.454,0.026
2026-06-11,6.52,6.52,0.0
2026-06-18,6.47,6.458,0.012
2026-06-25,6.49,6.47,0.02
2026-07-02,6.43,6.444,-0.014
2026-07-09,6.49,6.521,-0.031
2026-07-16,6.55,6.547,0.003
2026-07-23,6.58,6.603,-0.023
2026-07-30,6.66,6.648,0.012
2026-08-06,6.69,6.688,0.002
2026-08-13,6.67,6.665,0.005
2026-08-20,6.65,6.682,-0.032
2026-08-27,6.66,6.675,-0.015
2026-09-03,6.71,6.736,-0.026
2026-09-10,6.76,6.804,-0.044
2026-09-17,6.95,6.997,-0.047
2026-09-24,7.03,7.097,-0.067
