year,purpose,loanSize,n,cost_p25_usd,cost_p50_usd,cost_p75_usd,cost_p25_pct,cost_p50_pct,cost_p75_pct,loan_p50_usd
2025,all refinance (31+32),$150k-$300k,321731,3996.0,6574.04,10249.94,1.7891,3.0072,4.7327,225000.0
2025,all refinance (31+32),$300k-$450k,239817,4181.46,7391.3,12167.25,1.1483,2.0501,3.3587,365000.0
2025,all refinance (31+32),$450k-$750k,178878,4045.7625,7412.385,13280.015,0.7131,1.3292,2.4015,555000.0
2025,all refinance (31+32),$750k and over,84674,3982.0,5752.37,12513.7375,0.3429,0.5382,1.2257,1005000.0
2025,all refinance (31+32),all sizes,922111,3965.18,6529.86,10838.765,1.1268,2.2246,4.0334,315000.0
2025,all refinance (31+32),under $150k,97011,3394.68,5041.6,6883.915,3.1715,4.7201,6.4566,115000.0
2025,cash-out refinance (32),$150k-$300k,186247,5626.0,8624.81,12044.975,2.6672,4.0589,5.5916,215000.0
2025,cash-out refinance (32),$300k-$450k,97394,6667.9425,11661.43,17112.83,1.8482,3.2436,4.7569,355000.0
2025,cash-out refinance (32),$450k-$750k,57056,6333.795,13069.17,20844.52,1.1367,2.402,3.8301,535000.0
2025,cash-out refinance (32),$750k and over,21200,5567.9,11825.31,24324.9225,0.5129,1.1082,2.2839,975000.0
2025,cash-out refinance (32),all sizes,433870,5217.855,8655.1,13539.1125,2.1649,3.7292,5.3371,255000.0
2025,cash-out refinance (32),under $150k,71973,3842.93,5462.96,7262.2,3.677,5.0633,6.6807,115000.0
2025,refinance (31),$150k-$300k,135484,3120.99,4613.35,6633.5775,1.361,2.0674,2.8615,235000.0
2025,refinance (31),$300k-$450k,142423,3615.375,5812.98,8552.13,0.9807,1.6051,2.3062,365000.0
2025,refinance (31),$450k-$750k,121822,3649.08,5817.965,10329.2675,0.633,1.0361,1.9088,555000.0
2025,refinance (31),$750k and over,63474,3783.27,5033.725,9210.6875,0.3161,0.4717,0.8877,1005000.0
2025,refinance (31),all sizes,488241,3442.59,5123.53,8270.26,0.8007,1.4982,2.354,375000.0
2025,refinance (31),under $150k,25038,2599.6625,3667.05,5438.6925,2.3023,3.408,5.3538,115000.0
2024,all refinance (31+32),$150k-$300k,270214,4448.0,7399.45,10970.485,2.0497,3.5134,5.1206,225000.0
2024,all refinance (31+32),$300k-$450k,174060,4779.895,8499.815,14031.5925,1.3219,2.3194,3.9024,365000.0
2024,all refinance (31+32),$450k-$750k,113861,4309.06,8810.35,15332.48,0.7669,1.594,2.786,545000.0
2024,all refinance (31+32),$750k and over,41295,4076.675,6803.14,16217.56,0.3654,0.6311,1.5919,985000.0
2024,all refinance (31+32),all sizes,695990,4250.69,7214.705,11651.685,1.4672,2.7986,4.6279,285000.0
2024,all refinance (31+32),under $150k,96560,3483.6325,5149.45,6975.2175,3.3638,4.8274,6.5345,115000.0
2024,cash-out refinance (32),$150k-$300k,175005,6314.95,9143.84,12314.25,3.0609,4.2484,5.754,215000.0
2024,cash-out refinance (32),$300k-$450k,83383,8355.35,13074.4,17955.17,2.3343,3.6745,5.0138,355000.0
2024,cash-out refinance (32),$450k-$750k,43800,8028.65,14942.8,22175.25,1.4466,2.7459,4.0706,535000.0
2024,cash-out refinance (32),$750k and over,13031,6243.95,14454.66,26837.505,0.5772,1.4024,2.5647,955000.0
2024,cash-out refinance (32),all sizes,388402,5685.9925,9120.59,13847.0975,2.6454,4.0515,5.5915,245000.0
2024,cash-out refinance (32),under $150k,73183,3975.555,5528.56,7370.065,3.8314,5.1496,6.7411,115000.0
2024,refinance (31),$150k-$300k,95209,3108.99,4702.5,6851.67,1.369,2.1049,3.0016,235000.0
2024,refinance (31),$300k-$450k,90677,3739.65,6130.61,8825.47,1.0197,1.6996,2.3857,365000.0
2024,refinance (31),$450k-$750k,70061,3649.95,6311.12,10833.14,0.6371,1.1223,1.9785,555000.0
2024,refinance (31),$750k and over,28264,3745.9375,5281.695,11308.3875,0.3228,0.498,1.0866,995000.0
2024,refinance (31),all sizes,307588,3400.155,5253.005,8435.6425,0.9284,1.6924,2.5751,355000.0
2024,refinance (31),under $150k,23377,2586.68,3667.01,5415.15,2.3761,3.5813,5.4635,115000.0
2023,all refinance (31+32),$150k-$300k,197529,5642.64,8648.45,11819.91,2.7066,4.0926,5.5486,215000.0
2023,all refinance (31+32),$300k-$450k,89276,7027.65,12026.92,17177.18,1.9561,3.3785,4.8157,355000.0
2023,all refinance (31+32),$450k-$750k,46931,6120.735,12793.31,20379.925,1.0851,2.3166,3.7681,545000.0
2023,all refinance (31+32),$750k and over,13314,5043.885,10358.245,23219.2775,0.4235,0.8699,2.1201,1015000.0
2023,all refinance (31+32),all sizes,441693,4966.49,8200.03,12677.95,2.3374,3.8905,5.454,235000.0
2023,all refinance (31+32),under $150k,94643,3580.0,5257.38,7083.62,3.5099,5.0021,6.5824,115000.0
2023,cash-out refinance (32),$150k-$300k,163076,6418.5225,9231.53,12270.1325,3.1082,4.3549,5.7274,215000.0
2023,cash-out refinance (32),$300k-$450k,68527,8831.685,13442.95,18196.325,2.4946,3.7901,5.1143,355000.0
2023,cash-out refinance (32),$450k-$750k,31404,8636.825,15640.56,22894.13,1.5622,2.8664,4.247,535000.0
2023,cash-out refinance (32),$750k and over,6779,6031.855,14986.75,28470.225,0.5042,1.361,2.6976,1005000.0
2023,cash-out refinance (32),all sizes,344395,5689.5,8940.63,13400.995,2.8572,4.2417,5.7016,225000.0
2023,cash-out refinance (32),under $150k,74609,4001.5,5580.09,7363.82,3.8347,5.2259,6.7187,115000.0
2023,refinance (31),$150k-$300k,34453,3342.49,5376.2,8561.95,1.5505,2.4918,3.9779,215000.0
2023,refinance (31),$300k-$450k,20749,3991.89,7129.85,11520.81,1.1108,1.9623,3.1644,365000.0
2023,refinance (31),$450k-$750k,15527,4185.94,8050.43,13671.33,0.7397,1.4406,2.4119,555000.0
2023,refinance (31),$750k and over,6535,4499.295,7506.31,16740.885,0.3763,0.6238,1.4988,1055000.0
2023,refinance (31),all sizes,97298,3414.5525,5535.315,9354.975,1.2559,2.2738,3.8539,265000.0
2023,refinance (31),under $150k,20034,2588.235,3788.055,5598.0,2.5182,3.979,5.8111,105000.0
2022,all refinance (31+32),$150k-$300k,593609,3645.65,5945.88,8702.1,1.7154,2.7884,4.0426,215000.0
2022,all refinance (31+32),$300k-$450k,310475,4021.42,7493.31,11974.205,1.122,2.0921,3.345,355000.0
2022,all refinance (31+32),$450k-$750k,181818,3821.385,7185.86,13335.4125,0.6842,1.3042,2.4568,545000.0
2022,all refinance (31+32),$750k and over,71671,3990.75,6078.38,12601.425,0.3396,0.518,1.1499,1005000.0
2022,all refinance (31+32),all sizes,1392401,3577.29,5798.31,9295.25,1.3391,2.4928,3.9151,255000.0
2022,all refinance (31+32),under $150k,234828,2878.735,4225.98,5738.82,2.6199,3.8819,5.3091,115000.0
2022,cash-out refinance (32),$150k-$300k,442069,4209.79,6636.03,9332.42,1.9712,3.1304,4.2993,215000.0
2022,cash-out refinance (32),$300k-$450k,233355,4644.89,8546.17,12984.43,1.2877,2.3976,3.6231,355000.0
2022,cash-out refinance (32),$450k-$750k,126524,4179.9875,8431.165,14959.4925,0.7587,1.5487,2.753,545000.0
2022,cash-out refinance (32),$750k and over,37595,4211.125,7157.45,15757.48,0.3636,0.6103,1.4977,995000.0
2022,cash-out refinance (32),all sizes,1001220,4040.0,6519.65,10147.4,1.5925,2.8499,4.2072,255000.0
2022,cash-out refinance (32),under $150k,161677,3310.05,4690.45,6110.45,3.0129,4.2261,5.5966,115000.0
2022,refinance (31),$150k-$300k,151540,2833.93,4191.205,6291.155,1.3085,1.9917,2.9312,215000.0
2022,refinance (31),$300k-$450k,77120,3171.6475,5056.55,8309.05,0.8765,1.4127,2.3042,355000.0
2022,refinance (31),$450k-$750k,55294,3354.2675,5145.72,9591.7075,0.5809,0.9183,1.7275,555000.0
2022,refinance (31),$750k and over,34076,3793.5225,5338.675,9655.0325,0.3182,0.4622,0.8251,1045000.0
2022,refinance (31),all sizes,391181,2885.24,4273.58,6803.5,0.9433,1.749,2.8369,265000.0
2022,refinance (31),under $150k,73151,2285.74,3230.3,4613.475,2.0571,3.0041,4.4377,115000.0
2021,all refinance (31+32),$150k-$300k,2127435,2588.325,3692.84,5449.95,1.1587,1.7289,2.515,225000.0
2021,all refinance (31+32),$300k-$450k,1203260,2684.0,3838.0,6505.0,0.7371,1.0715,1.8205,355000.0
2021,all refinance (31+32),$450k-$750k,721258,2821.07,3949.585,7123.36,0.5109,0.7323,1.3098,535000.0
2021,all refinance (31+32),$750k and over,221257,3419.0,4673.85,8419.0,0.3152,0.4544,0.8087,965000.0
2021,all refinance (31+32),all sizes,4971051,2613.55,3693.95,5657.13,0.8343,1.4804,2.3979,275000.0
2021,all refinance (31+32),under $150k,697841,2282.75,3105.24,4218.5,1.9487,2.7387,3.801,125000.0
2021,cash-out refinance (32),$150k-$300k,801113,2959.27,4356.3,6483.91,1.344,2.036,3.0486,225000.0
2021,cash-out refinance (32),$300k-$450k,475137,3029.0,4570.82,7786.5,0.8296,1.2729,2.1721,355000.0
2021,cash-out refinance (32),$450k-$750k,272868,3132.235,4650.0,8821.7425,0.5788,0.8749,1.6435,525000.0
2021,cash-out refinance (32),$750k and over,64887,3768.645,5670.75,11725.265,0.3532,0.5396,1.1901,935000.0
2021,cash-out refinance (32),all sizes,1881753,2969.0,4308.58,6738.05,1.0013,1.7684,2.8974,275000.0
2021,cash-out refinance (32),under $150k,267748,2657.7,3642.28,4836.385,2.3186,3.2546,4.3433,115000.0
2021,refinance (31),$150k-$300k,1326322,2410.6,3387.34,4873.96,1.0714,1.5936,2.2589,225000.0
2021,refinance (31),$300k-$450k,728123,2526.86,3500.41,5717.34,0.689,0.9791,1.6134,355000.0
2021,refinance (31),$450k-$750k,448390,2684.6325,3672.04,6119.69,0.485,0.6719,1.1115,545000.0
2021,refinance (31),$750k and over,156370,3307.37,4425.25,7361.91,0.3026,0.4308,0.6967,965000.0
2021,refinance (31),all sizes,3089298,2444.15,3405.8,5032.6375,0.7558,1.323,2.1542,275000.0
2021,refinance (31),under $150k,430093,2098.27,2842.75,3770.88,1.7738,2.4931,3.3846,125000.0
2020,all refinance (31+32),$150k-$300k,2238862,2521.83,3529.035,5193.32,1.112,1.6397,2.367,225000.0
2020,all refinance (31+32),$300k-$450k,1443393,2611.9,3591.0,5946.2,0.7109,0.9984,1.6675,365000.0
2020,all refinance (31+32),$450k-$750k,800114,2777.31,3744.59,6567.36,0.5084,0.7047,1.2211,515000.0
2020,all refinance (31+32),$750k and over,158135,3284.31,4324.94,7185.995,0.3028,0.4204,0.6775,955000.0
2020,all refinance (31+32),all sizes,5230735,2557.88,3530.31,5384.0,0.7948,1.3461,2.1872,285000.0
2020,all refinance (31+32),under $150k,590231,2192.07,2994.06,4116.99,1.8388,2.6059,3.6663,125000.0
2020,cash-out refinance (32),$150k-$300k,564340,2964.95,4343.835,6405.5,1.3489,2.0269,3.0145,215000.0
2020,cash-out refinance (32),$300k-$450k,328559,3013.28,4456.42,7432.0,0.8227,1.2396,2.0616,365000.0
2020,cash-out refinance (32),$450k-$750k,175326,3100.315,4525.5,8580.4975,0.5858,0.8703,1.6291,515000.0
2020,cash-out refinance (32),$750k and over,35040,3474.31,4824.85,9186.595,0.3205,0.4516,0.8867,955000.0
2020,cash-out refinance (32),all sizes,1297668,2949.76,4230.14,6549.4325,1.0191,1.7768,2.8753,265000.0
2020,cash-out refinance (32),under $150k,194403,2611.715,3591.47,4840.41,2.2858,3.2238,4.3333,115000.0
2020,refinance (31),$150k-$300k,1674522,2409.55,3325.135,4812.2975,1.0533,1.5272,2.199,225000.0
2020,refinance (31),$300k-$450k,1114834,2526.12,3418.535,5493.2575,0.6848,0.9509,1.5346,365000.0
2020,refinance (31),$450k-$750k,624788,2705.2075,3602.48,6023.025,0.4948,0.6725,1.1106,515000.0
2020,refinance (31),$750k and over,123095,3238.0,4218.17,6742.215,0.2982,0.4135,0.6352,955000.0
2020,refinance (31),all sizes,3933067,2454.72,3356.75,5000.0,0.7452,1.2331,2.0048,285000.0
2020,refinance (31),under $150k,395828,2029.025,2759.185,3713.705,1.715,2.3859,3.2643,125000.0
2019,all refinance (31+32),$150k-$300k,930180,2688.1325,3983.735,6213.165,1.1999,1.8436,2.8749,225000.0
2019,all refinance (31+32),$300k-$450k,552134,2718.32,3927.84,7035.4825,0.7372,1.0928,1.9635,365000.0
2019,all refinance (31+32),$450k-$750k,325402,2830.0,3806.73,7078.745,0.5035,0.7093,1.3196,525000.0
2019,all refinance (31+32),$750k and over,99839,3125.27,4014.5,6151.63,0.269,0.3795,0.5462,995000.0
2019,all refinance (31+32),all sizes,2225392,2684.2775,3844.75,6165.7325,0.8222,1.5541,2.6655,275000.0
2019,all refinance (31+32),under $150k,317837,2406.12,3393.0,4806.95,2.1213,3.155,4.4502,115000.0
2019,cash-out refinance (32),$150k-$300k,426977,3181.53,4993.62,7431.63,1.4874,2.3735,3.5345,215000.0
2019,cash-out refinance (32),$300k-$450k,204715,3196.69,5225.0,9133.245,0.8822,1.4549,2.575,355000.0
2019,cash-out refinance (32),$450k-$750k,111312,3120.0,4646.2,9859.2775,0.5708,0.8722,1.835,515000.0
2019,cash-out refinance (32),$750k and over,29097,3380.43,4442.81,7939.35,0.3049,0.4219,0.7155,975000.0
2019,cash-out refinance (32),all sizes,957698,3095.0,4651.51,7337.2575,1.1738,2.1769,3.5133,245000.0
2019,cash-out refinance (32),under $150k,185597,2780.95,3927.65,5273.95,2.5437,3.6579,4.912,115000.0
2019,refinance (31),$150k-$300k,503203,2378.72,3388.77,5115.0,1.0388,1.573,2.3062,225000.0
2019,refinance (31),$300k-$450k,347419,2501.925,3484.94,5912.795,0.6748,0.9633,1.6699,365000.0
2019,refinance (31),$450k-$750k,214090,2699.035,3575.425,5906.0,0.482,0.6561,1.0859,535000.0
2019,refinance (31),$750k and over,70742,3020.0,3882.1,5626.3625,0.2553,0.3639,0.5033,1005000.0
2019,refinance (31),all sizes,1267694,2432.0725,3416.47,5250.77,0.6796,1.1986,2.073,295000.0
2019,refinance (31),under $150k,132240,2003.86,2783.695,3961.7725,1.727,2.5062,3.7055,115000.0
2018,all refinance (31+32),$150k-$300k,481522,2876.855,4328.965,6737.3175,1.3465,2.0923,3.2291,215000.0
2018,all refinance (31+32),$300k-$450k,204149,2973.27,4514.98,8325.31,0.8161,1.2602,2.3347,355000.0
2018,all refinance (31+32),$450k-$750k,110324,3083.6875,4388.05,9190.6575,0.5569,0.8223,1.7056,535000.0
2018,all refinance (31+32),$750k and over,35263,3501.81,4791.81,8564.215,0.3239,0.4462,0.7668,985000.0
2018,all refinance (31+32),all sizes,1122239,2819.415,4066.54,6417.695,1.1328,2.0872,3.4152,225000.0
2018,all refinance (31+32),under $150k,290981,2501.03,3478.83,4779.53,2.3567,3.4377,4.7673,115000.0
2018,cash-out refinance (32),$150k-$300k,327341,3054.4,4701.28,7182.62,1.4455,2.2786,3.4422,215000.0
2018,cash-out refinance (32),$300k-$450k,133469,3123.75,4998.24,9147.68,0.8639,1.3983,2.5694,355000.0
2018,cash-out refinance (32),$450k-$750k,63774,3210.9325,5077.015,11130.3975,0.5937,0.9552,2.0772,525000.0
2018,cash-out refinance (32),$750k and over,15696,3564.51,5046.855,10245.26,0.338,0.4781,0.9488,955000.0
2018,cash-out refinance (32),all sizes,726827,2988.075,4397.25,6910.31,1.2898,2.323,3.6637,215000.0
2018,cash-out refinance (32),under $150k,186547,2700.795,3749.49,5056.5,2.54,3.6601,4.9541,115000.0
2018,refinance (31),$150k-$300k,154181,2569.0,3670.35,5736.52,1.1798,1.7622,2.7374,215000.0
2018,refinance (31),$300k-$450k,70680,2732.905,3848.0,6784.3975,0.7441,1.0715,1.8841,365000.0
2018,refinance (31),$450k-$750k,46550,2949.795,3878.88,6921.665,0.5201,0.7161,1.2726,545000.0
2018,refinance (31),$750k and over,19567,3460.995,4639.91,7565.24,0.3142,0.4275,0.6695,1005000.0
2018,refinance (31),all sizes,395412,2553.2725,3578.0,5481.8375,0.9104,1.7076,2.9015,225000.0
2018,refinance (31),under $150k,104434,2213.4125,3035.62,4226.6725,2.0773,3.0647,4.3648,105000.0
